sample,trigger_mV,x_position_mV,y_position_mV,intensity_mV
0,0.0,0.0,0.0,0.0
1,79.04773622047244,0.0,0.0,0.0
2,0.0,0.0,0.0,78.74015748031496
3,0.0,0.0,0.0,-78.74015748031496
4,0.0,0.0,0.0,0.0
5,-79.04773622047244,0.0,-157.48031496062993,0.0
6,79.04773622047244,0.0,0.0,0.0
7,0.0,-78.43257874015748,0.0,0.0
8,0.0,0.0,0.0,0.0
9,0.0,0.0,0.0,0.0
10,79.04773622047244,0.0,0.0,0.0
11,79.04773622047244,0.0,0.0,0.0
12,0.0,0.0,0.0,78.74015748031496
13,0.0,0.0,0.0,0.0
14,79.04773622047244,0.0,0.0,0.0
15,79.04773622047244,0.0,0.0,0.0
16,0.0,0.0,0.0,-78.74015748031496
17,0.0,0.0,0.0,0.0
18,0.0,0.0,0.0,0.0
19,0.0,0.0,0.0,0.0
20,0.0,0.0,0.0,0.0
21,79.04773622047244,0.0,0.0,0.0
22,0.0,0.0,0.0,0.0
23,0.0,0.0,0.0,0.0
24,869.8326771653543,0.0,0.0,0.0
25,948.8804133858267,0.0,0.0,0.0
26,1423.474409448819,0.0,0.0,0.0
27,1819.0206692913387,-78.43257874015748,0.0,0.0
28,1660.6176181102362,0.0,0.0,0.0
29,2451.7101377952754,0.0,0.0,0.0
30,2847.256397637795,0.0,0.0,0.0
31,3400.8981299212596,0.0,0.0,0.0
32,4033.587598425197,0.0,0.0,0.0
33,4349.778543307087,0.0,0.0,0.0
34,4982.468011811024,0.0,0.0,0.0
35,5536.109744094489,0.0,0.0,0.0
36,5852.608267716535,78.43257874015748,-157.48031496062993,78.74015748031496
37,6089.751476377953,0.0,0.0,0.0
38,6327.202263779527,0.0,0.0,0.0
39,6485.297736220473,0.0,0.0,0.0
40,6801.796259842519,0.0,0.0,0.0
41,6959.891732283465,0.0,0.0,0.0
42,6959.891732283465,0.0,0.0,0.0
43,7117.98720472441,0.0,0.0,0.0
44,7038.939468503937,0.0,0.0,0.0
45,6880.843996062992,0.0,0.0,0.0
46,6722.44094488189,0.0,0.0,0.0
47,6564.345472440945,0.0,0.0,0.0
48,6406.25,0.0,0.0,78.74015748031496
49,6089.751476377953,-78.43257874015748,0.0,0.0
